Interval Start,Interval End,Publish Time,Load Forecast
2026-05-02 00:00:00-05:00,2026-05-02 01:00:00-05:00,2026-05-03 01:00:00-05:00,30052
2026-05-02 01:00:00-05:00,2026-05-02 02:00:00-05:00,2026-05-03 01:00:00-05:00,29528
2026-05-02 02:00:00-05:00,2026-05-02 03:00:00-05:00,2026-05-03 01:00:00-05:00,29202
2026-05-02 03:00:00-05:00,2026-05-02 04:00:00-05:00,2026-05-03 01:00:00-05:00,29071
2026-05-02 04:00:00-05:00,2026-05-02 05:00:00-05:00,2026-05-03 01:00:00-05:00,29172
2026-05-02 05:00:00-05:00,2026-05-02 06:00:00-05:00,2026-05-03 01:00:00-05:00,29639
2026-05-02 06:00:00-05:00,2026-05-02 07:00:00-05:00,2026-05-03 01:00:00-05:00,30385
2026-05-02 07:00:00-05:00,2026-05-02 08:00:00-05:00,2026-05-03 01:00:00-05:00,31010
2026-05-02 08:00:00-05:00,2026-05-02 09:00:00-05:00,2026-05-03 01:00:00-05:00,31704
2026-05-02 09:00:00-05:00,2026-05-02 10:00:00-05:00,2026-05-03 01:00:00-05:00,31773
2026-05-02 10:00:00-05:00,2026-05-02 11:00:00-05:00,2026-05-03 01:00:00-05:00,31879
2026-05-02 11:00:00-05:00,2026-05-02 12:00:00-05:00,2026-05-03 01:00:00-05:00,31823
2026-05-02 12:00:00-05:00,2026-05-02 13:00:00-05:00,2026-05-03 01:00:00-05:00,31749
2026-05-02 13:00:00-05:00,2026-05-02 14:00:00-05:00,2026-05-03 01:00:00-05:00,31787
2026-05-02 14:00:00-05:00,2026-05-02 15:00:00-05:00,2026-05-03 01:00:00-05:00,31983
2026-05-02 15:00:00-05:00,2026-05-02 16:00:00-05:00,2026-05-03 01:00:00-05:00,32223
2026-05-02 16:00:00-05:00,2026-05-02 17:00:00-05:00,2026-05-03 01:00:00-05:00,32635
2026-05-02 17:00:00-05:00,2026-05-02 18:00:00-05:00,2026-05-03 01:00:00-05:00,33090
2026-05-02 18:00:00-05:00,2026-05-02 19:00:00-05:00,2026-05-03 01:00:00-05:00,33394
2026-05-02 19:00:00-05:00,2026-05-02 20:00:00-05:00,2026-05-03 01:00:00-05:00,33382
2026-05-02 20:00:00-05:00,2026-05-02 21:00:00-05:00,2026-05-03 01:00:00-05:00,33618
2026-05-02 21:00:00-05:00,2026-05-02 22:00:00-05:00,2026-05-03 01:00:00-05:00,33356
2026-05-02 22:00:00-05:00,2026-05-02 23:00:00-05:00,2026-05-03 01:00:00-05:00,32259
2026-05-02 23:00:00-05:00,2026-05-03 00:00:00-05:00,2026-05-03 01:00:00-05:00,30711
2026-05-03 00:00:00-05:00,2026-05-03 01:00:00-05:00,2026-05-03 01:00:00-05:00,29650
2026-05-03 01:00:00-05:00,2026-05-03 02:00:00-05:00,2026-05-03 01:00:00-05:00,29081
2026-05-03 02:00:00-05:00,2026-05-03 03:00:00-05:00,2026-05-03 01:00:00-05:00,28736
2026-05-03 03:00:00-05:00,2026-05-03 04:00:00-05:00,2026-05-03 01:00:00-05:00,28622
2026-05-03 04:00:00-05:00,2026-05-03 05:00:00-05:00,2026-05-03 01:00:00-05:00,28694
2026-05-03 05:00:00-05:00,2026-05-03 06:00:00-05:00,2026-05-03 01:00:00-05:00,29018
2026-05-03 06:00:00-05:00,2026-05-03 07:00:00-05:00,2026-05-03 01:00:00-05:00,29544
2026-05-03 07:00:00-05:00,2026-05-03 08:00:00-05:00,2026-05-03 01:00:00-05:00,29968
2026-05-03 08:00:00-05:00,2026-05-03 09:00:00-05:00,2026-05-03 01:00:00-05:00,30599
2026-05-03 09:00:00-05:00,2026-05-03 10:00:00-05:00,2026-05-03 01:00:00-05:00,31175
2026-05-03 10:00:00-05:00,2026-05-03 11:00:00-05:00,2026-05-03 01:00:00-05:00,31643
2026-05-03 11:00:00-05:00,2026-05-03 12:00:00-05:00,2026-05-03 01:00:00-05:00,32016
2026-05-03 12:00:00-05:00,2026-05-03 13:00:00-05:00,2026-05-03 01:00:00-05:00,32746
2026-05-03 13:00:00-05:00,2026-05-03 14:00:00-05:00,2026-05-03 01:00:00-05:00,33354
2026-05-03 14:00:00-05:00,2026-05-03 15:00:00-05:00,2026-05-03 01:00:00-05:00,34016
2026-05-03 15:00:00-05:00,2026-05-03 16:00:00-05:00,2026-05-03 01:00:00-05:00,34815
2026-05-03 16:00:00-05:00,2026-05-03 17:00:00-05:00,2026-05-03 01:00:00-05:00,35663
2026-05-03 17:00:00-05:00,2026-05-03 18:00:00-05:00,2026-05-03 01:00:00-05:00,36327
2026-05-03 18:00:00-05:00,2026-05-03 19:00:00-05:00,2026-05-03 01:00:00-05:00,36500
2026-05-03 19:00:00-05:00,2026-05-03 20:00:00-05:00,2026-05-03 01:00:00-05:00,36107
2026-05-03 20:00:00-05:00,2026-05-03 21:00:00-05:00,2026-05-03 01:00:00-05:00,35752
2026-05-03 21:00:00-05:00,2026-05-03 22:00:00-05:00,2026-05-03 01:00:00-05:00,34899
2026-05-03 22:00:00-05:00,2026-05-03 23:00:00-05:00,2026-05-03 01:00:00-05:00,33310
2026-05-03 23:00:00-05:00,2026-05-04 00:00:00-05:00,2026-05-03 01:00:00-05:00,31589
2026-05-04 00:00:00-05:00,2026-05-04 01:00:00-05:00,2026-05-03 01:00:00-05:00,30230
2026-05-04 01:00:00-05:00,2026-05-04 02:00:00-05:00,2026-05-03 01:00:00-05:00,29446
2026-05-04 02:00:00-05:00,2026-05-04 03:00:00-05:00,2026-05-03 01:00:00-05:00,28983
2026-05-04 03:00:00-05:00,2026-05-04 04:00:00-05:00,2026-05-03 01:00:00-05:00,28849
2026-05-04 04:00:00-05:00,2026-05-04 05:00:00-05:00,2026-05-03 01:00:00-05:00,29134
2026-05-04 05:00:00-05:00,2026-05-04 06:00:00-05:00,2026-05-03 01:00:00-05:00,30136
2026-05-04 06:00:00-05:00,2026-05-04 07:00:00-05:00,2026-05-03 01:00:00-05:00,31918
2026-05-04 07:00:00-05:00,2026-05-04 08:00:00-05:00,2026-05-03 01:00:00-05:00,33101
2026-05-04 08:00:00-05:00,2026-05-04 09:00:00-05:00,2026-05-03 01:00:00-05:00,33801
2026-05-04 09:00:00-05:00,2026-05-04 10:00:00-05:00,2026-05-03 01:00:00-05:00,34314
2026-05-04 10:00:00-05:00,2026-05-04 11:00:00-05:00,2026-05-03 01:00:00-05:00,35064
2026-05-04 11:00:00-05:00,2026-05-04 12:00:00-05:00,2026-05-03 01:00:00-05:00,35856
2026-05-04 12:00:00-05:00,2026-05-04 13:00:00-05:00,2026-05-03 01:00:00-05:00,36840
2026-05-04 13:00:00-05:00,2026-05-04 14:00:00-05:00,2026-05-03 01:00:00-05:00,37896
2026-05-04 14:00:00-05:00,2026-05-04 15:00:00-05:00,2026-05-03 01:00:00-05:00,38724
2026-05-04 15:00:00-05:00,2026-05-04 16:00:00-05:00,2026-05-03 01:00:00-05:00,39377
2026-05-04 16:00:00-05:00,2026-05-04 17:00:00-05:00,2026-05-03 01:00:00-05:00,40022
2026-05-04 17:00:00-05:00,2026-05-04 18:00:00-05:00,2026-05-03 01:00:00-05:00,40246
2026-05-04 18:00:00-05:00,2026-05-04 19:00:00-05:00,2026-05-03 01:00:00-05:00,39975
2026-05-04 19:00:00-05:00,2026-05-04 20:00:00-05:00,2026-05-03 01:00:00-05:00,39256
2026-05-04 20:00:00-05:00,2026-05-04 21:00:00-05:00,2026-05-03 01:00:00-05:00,38655
2026-05-04 21:00:00-05:00,2026-05-04 22:00:00-05:00,2026-05-03 01:00:00-05:00,37462
2026-05-04 22:00:00-05:00,2026-05-04 23:00:00-05:00,2026-05-03 01:00:00-05:00,35469
2026-05-04 23:00:00-05:00,2026-05-05 00:00:00-05:00,2026-05-03 01:00:00-05:00,33313
2026-05-05 00:00:00-05:00,2026-05-05 01:00:00-05:00,2026-05-03 01:00:00-05:00,31850
2026-05-05 01:00:00-05:00,2026-05-05 02:00:00-05:00,2026-05-03 01:00:00-05:00,30931
2026-05-05 02:00:00-05:00,2026-05-05 03:00:00-05:00,2026-05-03 01:00:00-05:00,30332
2026-05-05 03:00:00-05:00,2026-05-05 04:00:00-05:00,2026-05-03 01:00:00-05:00,30033
2026-05-05 04:00:00-05:00,2026-05-05 05:00:00-05:00,2026-05-03 01:00:00-05:00,30218
2026-05-05 05:00:00-05:00,2026-05-05 06:00:00-05:00,2026-05-03 01:00:00-05:00,31169
2026-05-05 06:00:00-05:00,2026-05-05 07:00:00-05:00,2026-05-03 01:00:00-05:00,32816
2026-05-05 07:00:00-05:00,2026-05-05 08:00:00-05:00,2026-05-03 01:00:00-05:00,33932
2026-05-05 08:00:00-05:00,2026-05-05 09:00:00-05:00,2026-05-03 01:00:00-05:00,34290
2026-05-05 09:00:00-05:00,2026-05-05 10:00:00-05:00,2026-05-03 01:00:00-05:00,34470
2026-05-05 10:00:00-05:00,2026-05-05 11:00:00-05:00,2026-05-03 01:00:00-05:00,34601
2026-05-05 11:00:00-05:00,2026-05-05 12:00:00-05:00,2026-05-03 01:00:00-05:00,34780
2026-05-05 12:00:00-05:00,2026-05-05 13:00:00-05:00,2026-05-03 01:00:00-05:00,34913
2026-05-05 13:00:00-05:00,2026-05-05 14:00:00-05:00,2026-05-03 01:00:00-05:00,34971
2026-05-05 14:00:00-05:00,2026-05-05 15:00:00-05:00,2026-05-03 01:00:00-05:00,35004
2026-05-05 15:00:00-05:00,2026-05-05 16:00:00-05:00,2026-05-03 01:00:00-05:00,35025
2026-05-05 16:00:00-05:00,2026-05-05 17:00:00-05:00,2026-05-03 01:00:00-05:00,35128
2026-05-05 17:00:00-05:00,2026-05-05 18:00:00-05:00,2026-05-03 01:00:00-05:00,35255
2026-05-05 18:00:00-05:00,2026-05-05 19:00:00-05:00,2026-05-03 01:00:00-05:00,35234
2026-05-05 19:00:00-05:00,2026-05-05 20:00:00-05:00,2026-05-03 01:00:00-05:00,35088
2026-05-05 20:00:00-05:00,2026-05-05 21:00:00-05:00,2026-05-03 01:00:00-05:00,35188
2026-05-05 21:00:00-05:00,2026-05-05 22:00:00-05:00,2026-05-03 01:00:00-05:00,34604
2026-05-05 22:00:00-05:00,2026-05-05 23:00:00-05:00,2026-05-03 01:00:00-05:00,33273
2026-05-05 23:00:00-05:00,2026-05-06 00:00:00-05:00,2026-05-03 01:00:00-05:00,31757
2026-05-06 00:00:00-05:00,2026-05-06 01:00:00-05:00,2026-05-03 01:00:00-05:00,30323
2026-05-06 01:00:00-05:00,2026-05-06 02:00:00-05:00,2026-05-03 01:00:00-05:00,29709
2026-05-06 02:00:00-05:00,2026-05-06 03:00:00-05:00,2026-05-03 01:00:00-05:00,29370
2026-05-06 03:00:00-05:00,2026-05-06 04:00:00-05:00,2026-05-03 01:00:00-05:00,29308
2026-05-06 04:00:00-05:00,2026-05-06 05:00:00-05:00,2026-05-03 01:00:00-05:00,29680
2026-05-06 05:00:00-05:00,2026-05-06 06:00:00-05:00,2026-05-03 01:00:00-05:00,30752
2026-05-06 06:00:00-05:00,2026-05-06 07:00:00-05:00,2026-05-03 01:00:00-05:00,32532
2026-05-06 07:00:00-05:00,2026-05-06 08:00:00-05:00,2026-05-03 01:00:00-05:00,33732
2026-05-06 08:00:00-05:00,2026-05-06 09:00:00-05:00,2026-05-03 01:00:00-05:00,34043
2026-05-06 09:00:00-05:00,2026-05-06 10:00:00-05:00,2026-05-03 01:00:00-05:00,34060
2026-05-06 10:00:00-05:00,2026-05-06 11:00:00-05:00,2026-05-03 01:00:00-05:00,34047
2026-05-06 11:00:00-05:00,2026-05-06 12:00:00-05:00,2026-05-03 01:00:00-05:00,33982
2026-05-06 12:00:00-05:00,2026-05-06 13:00:00-05:00,2026-05-03 01:00:00-05:00,33943
2026-05-06 13:00:00-05:00,2026-05-06 14:00:00-05:00,2026-05-03 01:00:00-05:00,34025
2026-05-06 14:00:00-05:00,2026-05-06 15:00:00-05:00,2026-05-03 01:00:00-05:00,34063
2026-05-06 15:00:00-05:00,2026-05-06 16:00:00-05:00,2026-05-03 01:00:00-05:00,34150
2026-05-06 16:00:00-05:00,2026-05-06 17:00:00-05:00,2026-05-03 01:00:00-05:00,34373
2026-05-06 17:00:00-05:00,2026-05-06 18:00:00-05:00,2026-05-03 01:00:00-05:00,34616
2026-05-06 18:00:00-05:00,2026-05-06 19:00:00-05:00,2026-05-03 01:00:00-05:00,34738
2026-05-06 19:00:00-05:00,2026-05-06 20:00:00-05:00,2026-05-03 01:00:00-05:00,34702
2026-05-06 20:00:00-05:00,2026-05-06 21:00:00-05:00,2026-05-03 01:00:00-05:00,34883
2026-05-06 21:00:00-05:00,2026-05-06 22:00:00-05:00,2026-05-03 01:00:00-05:00,34344
2026-05-06 22:00:00-05:00,2026-05-06 23:00:00-05:00,2026-05-03 01:00:00-05:00,33002
2026-05-06 23:00:00-05:00,2026-05-07 00:00:00-05:00,2026-05-03 01:00:00-05:00,31526
2026-05-07 00:00:00-05:00,2026-05-07 01:00:00-05:00,2026-05-03 01:00:00-05:00,30266
2026-05-07 01:00:00-05:00,2026-05-07 02:00:00-05:00,2026-05-03 01:00:00-05:00,29720
2026-05-07 02:00:00-05:00,2026-05-07 03:00:00-05:00,2026-05-03 01:00:00-05:00,29447
2026-05-07 03:00:00-05:00,2026-05-07 04:00:00-05:00,2026-05-03 01:00:00-05:00,29458
2026-05-07 04:00:00-05:00,2026-05-07 05:00:00-05:00,2026-05-03 01:00:00-05:00,29852
2026-05-07 05:00:00-05:00,2026-05-07 06:00:00-05:00,2026-05-03 01:00:00-05:00,30974
2026-05-07 06:00:00-05:00,2026-05-07 07:00:00-05:00,2026-05-03 01:00:00-05:00,32846
2026-05-07 07:00:00-05:00,2026-05-07 08:00:00-05:00,2026-05-03 01:00:00-05:00,34018
2026-05-07 08:00:00-05:00,2026-05-07 09:00:00-05:00,2026-05-03 01:00:00-05:00,34166
2026-05-07 09:00:00-05:00,2026-05-07 10:00:00-05:00,2026-05-03 01:00:00-05:00,33954
2026-05-07 10:00:00-05:00,2026-05-07 11:00:00-05:00,2026-05-03 01:00:00-05:00,33805
2026-05-07 11:00:00-05:00,2026-05-07 12:00:00-05:00,2026-05-03 01:00:00-05:00,33783
2026-05-07 12:00:00-05:00,2026-05-07 13:00:00-05:00,2026-05-03 01:00:00-05:00,33856
2026-05-07 13:00:00-05:00,2026-05-07 14:00:00-05:00,2026-05-03 01:00:00-05:00,34143
2026-05-07 14:00:00-05:00,2026-05-07 15:00:00-05:00,2026-05-03 01:00:00-05:00,34373
2026-05-07 15:00:00-05:00,2026-05-07 16:00:00-05:00,2026-05-03 01:00:00-05:00,34647
2026-05-07 16:00:00-05:00,2026-05-07 17:00:00-05:00,2026-05-03 01:00:00-05:00,35062
2026-05-07 17:00:00-05:00,2026-05-07 18:00:00-05:00,2026-05-03 01:00:00-05:00,35304
2026-05-07 18:00:00-05:00,2026-05-07 19:00:00-05:00,2026-05-03 01:00:00-05:00,35365
2026-05-07 19:00:00-05:00,2026-05-07 20:00:00-05:00,2026-05-03 01:00:00-05:00,35368
2026-05-07 20:00:00-05:00,2026-05-07 21:00:00-05:00,2026-05-03 01:00:00-05:00,35412
2026-05-07 21:00:00-05:00,2026-05-07 22:00:00-05:00,2026-05-03 01:00:00-05:00,34642
2026-05-07 22:00:00-05:00,2026-05-07 23:00:00-05:00,2026-05-03 01:00:00-05:00,33118
2026-05-07 23:00:00-05:00,2026-05-08 00:00:00-05:00,2026-05-03 01:00:00-05:00,31515
2026-05-08 00:00:00-05:00,2026-05-08 01:00:00-05:00,2026-05-03 01:00:00-05:00,30278
2026-05-08 01:00:00-05:00,2026-05-08 02:00:00-05:00,2026-05-03 01:00:00-05:00,29565
2026-05-08 02:00:00-05:00,2026-05-08 03:00:00-05:00,2026-05-03 01:00:00-05:00,29138
2026-05-08 03:00:00-05:00,2026-05-08 04:00:00-05:00,2026-05-03 01:00:00-05:00,28969
2026-05-08 04:00:00-05:00,2026-05-08 05:00:00-05:00,2026-05-03 01:00:00-05:00,29246
2026-05-08 05:00:00-05:00,2026-05-08 06:00:00-05:00,2026-05-03 01:00:00-05:00,30160
2026-05-08 06:00:00-05:00,2026-05-08 07:00:00-05:00,2026-05-03 01:00:00-05:00,31741
2026-05-08 07:00:00-05:00,2026-05-08 08:00:00-05:00,2026-05-03 01:00:00-05:00,32871
2026-05-08 08:00:00-05:00,2026-05-08 09:00:00-05:00,2026-05-03 01:00:00-05:00,33367
2026-05-08 09:00:00-05:00,2026-05-08 10:00:00-05:00,2026-05-03 01:00:00-05:00,33625
2026-05-08 10:00:00-05:00,2026-05-08 11:00:00-05:00,2026-05-03 01:00:00-05:00,34008
2026-05-08 11:00:00-05:00,2026-05-08 12:00:00-05:00,2026-05-03 01:00:00-05:00,34274
2026-05-08 12:00:00-05:00,2026-05-08 13:00:00-05:00,2026-05-03 01:00:00-05:00,34676
2026-05-08 13:00:00-05:00,2026-05-08 14:00:00-05:00,2026-05-03 01:00:00-05:00,35271
2026-05-08 14:00:00-05:00,2026-05-08 15:00:00-05:00,2026-05-03 01:00:00-05:00,35812
2026-05-08 15:00:00-05:00,2026-05-08 16:00:00-05:00,2026-05-03 01:00:00-05:00,36270
2026-05-08 16:00:00-05:00,2026-05-08 17:00:00-05:00,2026-05-03 01:00:00-05:00,36750
2026-05-08 17:00:00-05:00,2026-05-08 18:00:00-05:00,2026-05-03 01:00:00-05:00,36879
2026-05-08 18:00:00-05:00,2026-05-08 19:00:00-05:00,2026-05-03 01:00:00-05:00,36615
2026-05-08 19:00:00-05:00,2026-05-08 20:00:00-05:00,2026-05-03 01:00:00-05:00,36088
2026-05-08 20:00:00-05:00,2026-05-08 21:00:00-05:00,2026-05-03 01:00:00-05:00,35715
2026-05-08 21:00:00-05:00,2026-05-08 22:00:00-05:00,2026-05-03 01:00:00-05:00,34924
2026-05-08 22:00:00-05:00,2026-05-08 23:00:00-05:00,2026-05-03 01:00:00-05:00,33454
2026-05-08 23:00:00-05:00,2026-05-09 00:00:00-05:00,2026-05-03 01:00:00-05:00,31880
2026-05-09 00:00:00-05:00,2026-05-09 01:00:00-05:00,2026-05-03 01:00:00-05:00,29689
2026-05-09 01:00:00-05:00,2026-05-09 02:00:00-05:00,2026-05-03 01:00:00-05:00,28813
2026-05-09 02:00:00-05:00,2026-05-09 03:00:00-05:00,2026-05-03 01:00:00-05:00,28218
2026-05-09 03:00:00-05:00,2026-05-09 04:00:00-05:00,2026-05-03 01:00:00-05:00,27857
2026-05-09 04:00:00-05:00,2026-05-09 05:00:00-05:00,2026-05-03 01:00:00-05:00,27826
2026-05-09 05:00:00-05:00,2026-05-09 06:00:00-05:00,2026-05-03 01:00:00-05:00,28111
2026-05-09 06:00:00-05:00,2026-05-09 07:00:00-05:00,2026-05-03 01:00:00-05:00,28649
2026-05-09 07:00:00-05:00,2026-05-09 08:00:00-05:00,2026-05-03 01:00:00-05:00,29223
2026-05-09 08:00:00-05:00,2026-05-09 09:00:00-05:00,2026-05-03 01:00:00-05:00,30025
2026-05-09 09:00:00-05:00,2026-05-09 10:00:00-05:00,2026-05-03 01:00:00-05:00,30855
2026-05-09 10:00:00-05:00,2026-05-09 11:00:00-05:00,2026-05-03 01:00:00-05:00,31619
2026-05-09 11:00:00-05:00,2026-05-09 12:00:00-05:00,2026-05-03 01:00:00-05:00,32369
2026-05-09 12:00:00-05:00,2026-05-09 13:00:00-05:00,2026-05-03 01:00:00-05:00,33096
2026-05-09 13:00:00-05:00,2026-05-09 14:00:00-05:00,2026-05-03 01:00:00-05:00,33910
2026-05-09 14:00:00-05:00,2026-05-09 15:00:00-05:00,2026-05-03 01:00:00-05:00,34751
2026-05-09 15:00:00-05:00,2026-05-09 16:00:00-05:00,2026-05-03 01:00:00-05:00,35570
2026-05-09 16:00:00-05:00,2026-05-09 17:00:00-05:00,2026-05-03 01:00:00-05:00,36256
2026-05-09 17:00:00-05:00,2026-05-09 18:00:00-05:00,2026-05-03 01:00:00-05:00,36653
2026-05-09 18:00:00-05:00,2026-05-09 19:00:00-05:00,2026-05-03 01:00:00-05:00,36378
2026-05-09 19:00:00-05:00,2026-05-09 20:00:00-05:00,2026-05-03 01:00:00-05:00,35704
2026-05-09 20:00:00-05:00,2026-05-09 21:00:00-05:00,2026-05-03 01:00:00-05:00,35222
2026-05-09 21:00:00-05:00,2026-05-09 22:00:00-05:00,2026-05-03 01:00:00-05:00,34276
2026-05-09 22:00:00-05:00,2026-05-09 23:00:00-05:00,2026-05-03 01:00:00-05:00,32749
2026-05-09 23:00:00-05:00,2026-05-10 00:00:00-05:00,2026-05-03 01:00:00-05:00,30975
2026-05-10 00:00:00-05:00,2026-05-10 01:00:00-05:00,2026-05-03 01:00:00-05:00,29606
